First Name,Count
James,"1,904"
Mary,"1,813"
John,"1,748"
Robert,"1,693"
Michael,"1,366"
David,"1,325"
William,"1,324"
Richard,906
Charles,847
Joseph,778
Patricia,738
Thomas,736
Linda,673
Barbara,671
Elizabeth,641
Jennifer,614
Maria,548
Susan,544
Christopher,529
Dorothy,517
Margaret,510
Mark,505
Paul,503
Daniel,502
George,502
Donald,488
Kenneth,467
Betty,463
Helen,460
Edward,457
Nancy,450
Lisa,433
Steven,420
Sandra,415
Karen,413
Ruth,400
Carol,389
Ronald,384
Anthony,381
Kevin,378
Michelle,377
Donna,373
Brian,373
Matthew,368
Larry,348
Shirley,343
Timothy,338
Gary,338
Kimberly,336
Jason,334
Laura,332
Deborah,329
Sarah,328
Jose,326
Jessica,320
Sharon,319
Melissa,312
Scott,311
Frank,310
Jeffrey,306
Angela,302
Kathleen,301
Stephen,300
Amy,296
Brenda,295
Anna,295
Andrew,295
Debra,292
Pamela,291
Cynthia,290
Marie,284
Rebecca,284
Virginia,283
Martha,278
Amanda,275
Eric,275
Frances,271
Carolyn,269
Raymond,269
Catherine,269
Christine,263
Ann,260
Alice,256
Joyce,254
Janet,250
Diane,250
Jerry,249
Jean,248
Gregory,246
Joshua,244
Stephanie,242
Doris,242
Kelly,241
Ashley,233
Gloria,233
Heather,232
Katherine,229
Willie,220
Douglas,218
Mildred,217
Evelyn,213
Julie,213
Terry,212
Cheryl,212
Nicole,212
Teresa,211
Dennis,207
Walter,202
Judith,199
Judy,197
Henry,196
Patrick,195
Joan,194
Harold,194
Juan,191
Albert,190
Peter,190
Rose,188
Janice,186
Roger,186
Theresa,185
Andrea,184
Christina,184
Jonathan,182
Keith,182
Justin,180
Kathy,180
Irene,177
Lori,174
Jack,174
Norma,173
Samuel,170
Denise,169
Joe,168
Tammy,167
Marilyn,166
Beverly,166
Gerald,166
Arthur,165
Jane,165
Sara,165
Ryan,163
Florence,159
Rachel,159
Carl,159
Phyllis,158
Crystal,157
Paula,156
Tracy,155
Jacqueline,154
Brandon,153
Kathryn,153
Jamie,153
Ralph,152
Louis,152
Connie,152
Wanda,152
Bonnie,151
Lillian,150
Louise,150
Peggy,147
Robin,147
Carmen,146
Julia,146
Nicholas,145
Lois,145
Kim,144
Gladys,141
Tiffany,139
Edith,139
Bruce,139
Ruby,138
Shawn,138
Fred,138
Adam,138
Tina,137
Leslie,136
Annie,135
Shannon,134
Cindy,134
Lawrence,133
Rhonda,133
Dawn,132
Anne,131
Howard,131
Benjamin,129
Jeremy,129
Carlos,129
Billy,128
Sylvia,128
Steve,127
Roy,127
Rosa,127
Diana,127
Josephine,126
Rita,126
Harry,125
Sheila,125
Aaron,125
Emily,125
Esther,124
Edna,123
Dale,122
Lynn,120
Debbie,120
Wayne,119
Ellen,119
Russell,118
Tony,118
Clara,118
Sherry,118
Victor,116
Chris,116
Marjorie,116
Joanne,115
Valerie,114
Randy,114
Ethel,114
Carrie,113
Grace,113
Lee,112
Thelma,112
Elaine,112
Craig,112
Johnny,112
Marion,112
Jessie,111
Wendy,110
Francis,110
Leonard,110
Travis,109
Pauline,109
Anita,109
Monica,109
Michele,108
Bryan,108
Cathy,107
Lucille,107
Jimmy,107
Eugene,107
Hazel,106
Juanita,106
Charlotte,106
Geraldine,105
Clarence,105
Martin,105
Eva,104
Bradley,104
Lauren,102
Bobby,102
Bernice,102
Gail,102
Alfred,101
Phillip,101
Allen,101
Jill,101
Marvin,101
Amber,101
Stanley,101
Earl,101
Emma,101
Victoria,101
Antonio,100
Darlene,100
Nathan,100
Dana,100
Sean,100
Todd,100
Curtis,100
Erin,100
Ernest,99
April,99
Megan,99
Sally,98
Danny,98
Suzanne,97
Jesse,97
Philip,97
Alan,96
Mike,96
Jeff,95
Stacy,95
Norman,95
Glenn,95
Regina,94
Joann,94
Danielle,94
Rodney,93
Chad,92
Frederick,91
Alicia,91
Jacob,90
Samantha,88
Ray,88
Erica,88
Veronica,87
Vincent,86
Jackie,86
Bertha,86
Gertrude,85
Jeanette,85
Renee,85
Vicki,85
Manuel,84
Eddie,84
Francisco,83
Brittany,83
Roberta,82
Vivian,82
Dolores,82
Carla,81
June,81
Randall,80
Leroy,80
Ana,80
Luis,80
Ida,80
Eleanor,80
Jeffery,80
Constance,80
Stacey,79
Jesus,79
Claudia,79
Charlene,78
Jeanne,77
Kyle,76
Alexander,76
Sue,76
Katie,75
Beatrice,75
Don,75
Laurie,75
Loretta,74
Rosemary,74
Derek,74
Lorraine,74
Melvin,74
Edwin,73
Natalie,73
Marcia,72
Courtney,72
Elsie,72
Vanessa,72
Terri,72
Miguel,71
Maureen,71
Lucy,70
Heidi,70
Nellie,70
Ella,69
Herbert,69
Melanie,69
Jay,69
Alma,69
Annette,69
Holly,69
Alex,69
Corey,69
Oscar,68
Kristen,67
Delores,67
Vera,67
Bessie,67
Tara,67
Glenda,66
Beth,66
Clifford,66
Angel,66
Ricky,65
Audrey,65
Allison,65
Ronnie,65
Tom,65
Calvin,64
Yolanda,64
Tamara,64
Joel,63
Kristin,63
Barry,63
Jerome,63
Nora,63
Melinda,63
Irma,63
Tommy,63
Lindsey,62
Mario,62
Warren,62
Eileen,62
Tonya,62
Lloyd,62
Yvonne,61
Gina,61
Billie,61
Gordon,61
Dean,60
Alvin,60
Caroline,60
Jon,60
Gwendolyn,60
Deanna,59
Pearl,59
Jorge,59
Theodore,59
Bill,59
Pedro,59
Maxine,59
Joy,59
Maurice,58
Leo,58
Agnes,58
Roberto,58
Jennie,58
Wilma,58
Jo,57
Herman,57
Lewis,57
Floyd,57
Jim,57
Bobbie,57
Arlene,57
Bernard,57
Glen,56
Vickie,56
Tim,56
Darrell,56
Cassandra,56
Cora,55
Colleen,55
Franklin,55
Gene,55
Greg,55
Lillie,55
Ramon,55
Rick,55
Tanya,55
Lena,55
Kay,54
Wesley,54
Leon,54
Claude,54
Guadalupe,54
Georgia,53
Micheal,53
Dan,53
Carole,53
Adrian,53
Charlie,53
Chester,53
Dora,52
Myrtle,52
Brandy,52
Marian,51
Nina,51
Kristina,51
Troy,51
Marc,51
Gilbert,51
Cecil,50
Jordan,50
Leona,50
Ricardo,50
Derrick,50
Viola,49
Vernon,49
Marcus,49
Sandy,49
Jenny,49
Johnnie,49
Marlene,48
Elmer,48
Hilda,48
Stella,48
Jan,48
Clyde,48
Jaime,47
Sonia,47
Olga,47
Becky,46
Mabel,46
Erika,46
Zachary,46
Joanna,46
Lester,46
Reginald,46
Jody,45
Allan,45
Velma,45
Patsy,45
Casey,45
Miriam,45
Raul,45
Ron,45
Kelli,45
Violet,44
Minnie,44
Candace,44
Arnold,44
Sam,44
Pat,43
Edgar,43
